{"cameraMode":{"drawMode":0,"name":"Shaded","section":"Shading Mode"},"sceneLighting":false,"audioPlay":false,"sceneViewState":{"showFog":true,"showMaterialUpdate":false,"showSkybox":false,"showFlares":true,"showImageEffects":true,"showParticleSystems":true,"showVisualEffectGraphs":true,"m_FxEnabled":true},"in2DMode":false,"pivot":{"x":0.00013786554336547852,"y":0.9069244861602783,"z":-0.021022886037826539},"rotation":{"x":-0.1969374567270279,"y":-0.02735232748091221,"z":0.00549602834507823,"w":-0.9800304770469666},"size":1.31918203830719,"orthographic":false}