{"cameraMode":{"drawMode":0,"name":"Shaded","section":"Shading Mode"},"sceneLighting":false,"audioPlay":false,"sceneViewState":{"showFog":true,"showMaterialUpdate":false,"showSkybox":false,"showFlares":true,"showImageEffects":true,"showParticleSystems":true,"showVisualEffectGraphs":true,"m_FxEnabled":true},"in2DMode":false,"pivot":{"x":-0.0004211394116282463,"y":0.07276652753353119,"z":0.0006247847341001034},"rotation":{"x":0.3467341363430023,"y":0.6452630162239075,"z":-0.39574018120765688,"w":0.5546165108680725},"size":0.07321728020906449,"orthographic":false}