{"cameraMode":{"drawMode":0,"name":"Shaded","section":"Shading Mode"},"sceneLighting":false,"audioPlay":false,"sceneViewState":{"showFog":true,"showMaterialUpdate":false,"showSkybox":false,"showFlares":true,"showImageEffects":true,"showParticleSystems":true,"showVisualEffectGraphs":true,"m_FxEnabled":true},"in2DMode":false,"pivot":{"x":-0.0007742787711322308,"y":0.06439493596553803,"z":-0.0030755773186683656},"rotation":{"x":0.3874242901802063,"y":0.611004114151001,"z":-0.4298437237739563,"w":0.5409338474273682},"size":0.06540919095277786,"orthographic":false}