{"cameraMode":{"drawMode":0,"name":"Shaded","section":"Shading Mode"},"sceneLighting":false,"audioPlay":false,"sceneViewState":{"showFog":true,"showMaterialUpdate":false,"showSkybox":false,"showFlares":true,"showImageEffects":true,"showParticleSystems":true,"showVisualEffectGraphs":true,"m_FxEnabled":true},"in2DMode":false,"pivot":{"x":0.6224562525749207,"y":1.1653450727462769,"z":-3.071579694747925},"rotation":{"x":0.04170915111899376,"y":-0.07887732982635498,"z":0.009252040646970272,"w":0.9964627027511597},"size":0.09736672788858414,"orthographic":false}