{"cameraMode":{"drawMode":0,"name":"Shaded","section":"Shading Mode"},"sceneLighting":false,"audioPlay":false,"sceneViewState":{"showFog":true,"showMaterialUpdate":false,"showSkybox":false,"showFlares":true,"showImageEffects":true,"showParticleSystems":true,"showVisualEffectGraphs":true,"m_FxEnabled":true},"in2DMode":false,"pivot":{"x":3.7266573905944826,"y":0.10406911373138428,"z":-1.4615981578826905},"rotation":{"x":0.17321160435676576,"y":0.5839373469352722,"z":-0.11952319741249085,"w":0.7847010493278503},"size":1.901313066482544,"orthographic":false}