{"cameraMode":{"drawMode":0,"name":"Shaded","section":"Shading Mode"},"sceneLighting":false,"audioPlay":false,"sceneViewState":{"showFog":true,"showMaterialUpdate":false,"showSkybox":false,"showFlares":true,"showImageEffects":true,"showParticleSystems":true,"showVisualEffectGraphs":true,"m_FxEnabled":true},"in2DMode":false,"pivot":{"x":0.43697458505630495,"y":1.2742398977279664,"z":-3.8193087577819826},"rotation":{"x":0.17606094479560853,"y":0.8313552737236023,"z":-0.3531305491924286,"w":0.39298877120018008},"size":0.16698385775089265,"orthographic":false}