{"cameraMode":{"drawMode":0,"name":"Shaded","section":"Shading Mode"},"sceneLighting":false,"audioPlay":false,"sceneViewState":{"showFog":true,"showMaterialUpdate":false,"showSkybox":false,"showFlares":true,"showImageEffects":true,"showParticleSystems":true,"showVisualEffectGraphs":true,"m_FxEnabled":true},"in2DMode":false,"pivot":{"x":0.62729412317276,"y":0.5023235082626343,"z":1.6452972888946534},"rotation":{"x":-0.29273927211761477,"y":0.036416471004486087,"z":-0.01115886028856039,"w":-0.9554435014724731},"size":0.9043187499046326,"orthographic":false}