{"cameraMode":{"drawMode":0,"name":"Shaded","section":"Shading Mode"},"sceneLighting":false,"audioPlay":false,"sceneViewState":{"showFog":true,"showMaterialUpdate":false,"showSkybox":false,"showFlares":true,"showImageEffects":true,"showParticleSystems":true,"showVisualEffectGraphs":true,"m_FxEnabled":true},"in2DMode":false,"pivot":{"x":3.8770103454589845,"y":-0.8053224086761475,"z":3.1677145957946779},"rotation":{"x":0.10114744305610657,"y":0.4168538451194763,"z":-0.038898978382349017,"w":0.9031345844268799},"size":4.411444664001465,"orthographic":false}