{"cameraMode":{"drawMode":0,"name":"Shaded","section":"Shading Mode"},"sceneLighting":false,"audioPlay":false,"sceneViewState":{"showFog":true,"showMaterialUpdate":false,"showSkybox":false,"showFlares":true,"showImageEffects":true,"showParticleSystems":true,"showVisualEffectGraphs":true,"m_FxEnabled":true},"in2DMode":false,"pivot":{"x":-0.829261064529419,"y":-1.7766594886779786,"z":3.2231593132019045},"rotation":{"x":-0.2510838210582733,"y":-0.015748394653201104,"z":0.0039659119211137299,"w":-0.9679051637649536},"size":4.713178634643555,"orthographic":false}