{"cameraMode":{"drawMode":0,"name":"Shaded","section":"Shading Mode"},"sceneLighting":false,"audioPlay":false,"sceneViewState":{"showFog":true,"showMaterialUpdate":false,"showSkybox":false,"showFlares":true,"showImageEffects":true,"showParticleSystems":true,"showVisualEffectGraphs":true,"m_FxEnabled":true},"in2DMode":false,"pivot":{"x":-0.2268984168767929,"y":0.7158503532409668,"z":1.8685312271118165},"rotation":{"x":0.1674991399049759,"y":0.018431339412927629,"z":-0.0031894815620034935,"w":0.9857841730117798},"size":3.475724697113037,"orthographic":false}