{"cameraMode":{"drawMode":0,"name":"Shaded","section":"Shading Mode"},"sceneLighting":false,"audioPlay":false,"sceneViewState":{"showFog":true,"showMaterialUpdate":false,"showSkybox":false,"showFlares":true,"showImageEffects":true,"showParticleSystems":true,"showVisualEffectGraphs":true,"m_FxEnabled":true},"in2DMode":false,"pivot":{"x":0.32876768708229067,"y":0.8770163655281067,"z":-3.7266576290130617},"rotation":{"x":0.11859843134880066,"y":0.0033751053269952537,"z":0.0063279131427407269,"w":0.9934899210929871},"size":0.15956735610961915,"orthographic":false}