{"cameraMode":{"drawMode":0,"name":"Shaded","section":"Shading Mode"},"sceneLighting":false,"audioPlay":false,"sceneViewState":{"showFog":true,"showMaterialUpdate":false,"showSkybox":false,"showFlares":true,"showImageEffects":true,"showParticleSystems":true,"showVisualEffectGraphs":true,"m_FxEnabled":true},"in2DMode":false,"pivot":{"x":1.2391283512115479,"y":0.25582897663116457,"z":-3.0325636863708498},"rotation":{"x":0.35983479022979739,"y":0.5950559377670288,"z":-0.32673704624176028,"w":0.640704870223999},"size":1.0701918601989747,"orthographic":false}