{"cameraMode":{"drawMode":0,"name":"Shaded","section":"Shading Mode"},"sceneLighting":false,"audioPlay":false,"sceneViewState":{"showFog":true,"showMaterialUpdate":false,"showSkybox":false,"showFlares":true,"showImageEffects":true,"showParticleSystems":true,"showVisualEffectGraphs":true,"m_FxEnabled":true},"in2DMode":false,"pivot":{"x":0.8255184888839722,"y":0.08376479148864746,"z":-2.124495029449463},"rotation":{"x":0.45759621262550356,"y":0.12985950708389283,"z":-0.06776074320077896,"w":0.8770380020141602},"size":1.3238027095794678,"orthographic":false}