{"cameraMode":{"drawMode":0,"name":"Shaded","section":"Shading Mode"},"sceneLighting":false,"audioPlay":false,"sceneViewState":{"showFog":true,"showMaterialUpdate":false,"showSkybox":false,"showFlares":true,"showImageEffects":true,"showParticleSystems":true,"showVisualEffectGraphs":true,"m_FxEnabled":true},"in2DMode":false,"pivot":{"x":2.9367482662200929,"y":-0.3713858127593994,"z":-3.4588167667388918},"rotation":{"x":0.21838609874248506,"y":0.7116895318031311,"z":-0.23628930747509004,"w":0.6255215406417847},"size":2.1073949337005617,"orthographic":false}