{"cameraMode":{"drawMode":0,"name":"Shaded","section":"Shading Mode"},"sceneLighting":false,"audioPlay":false,"sceneViewState":{"showFog":true,"showMaterialUpdate":false,"showSkybox":false,"showFlares":true,"showImageEffects":true,"showParticleSystems":true,"showVisualEffectGraphs":true,"m_FxEnabled":true},"in2DMode":false,"pivot":{"x":0.8129698038101196,"y":1.4435163736343384,"z":-3.0004889965057375},"rotation":{"x":0.05788981541991234,"y":0.6766126751899719,"z":-0.03938726335763931,"w":0.7339317202568054},"size":0.3213600516319275,"orthographic":false}