{"cameraMode":{"drawMode":0,"name":"Shaded","section":"Shading Mode"},"sceneLighting":false,"audioPlay":false,"sceneViewState":{"showFog":true,"showMaterialUpdate":false,"showSkybox":false,"showFlares":true,"showImageEffects":true,"showParticleSystems":true,"showVisualEffectGraphs":true,"m_FxEnabled":true},"in2DMode":false,"pivot":{"x":-0.037153542041778567,"y":0.3664546012878418,"z":2.186293601989746},"rotation":{"x":0.13671022653579713,"y":0.030135026201605798,"z":0.007583252619951963,"w":0.9908470511436462},"size":3.720552921295166,"orthographic":false}