{"cameraMode":{"drawMode":0,"name":"Shaded","section":"Shading Mode"},"sceneLighting":false,"audioPlay":false,"sceneViewState":{"showFog":true,"showMaterialUpdate":false,"showSkybox":false,"showFlares":true,"showImageEffects":true,"showParticleSystems":true,"showVisualEffectGraphs":true,"m_FxEnabled":true},"in2DMode":false,"pivot":{"x":-0.034532446414232257,"y":-0.02465769648551941,"z":-0.036117419600486758},"rotation":{"x":-0.13910090923309327,"y":-0.40785038471221926,"z":0.06302054971456528,"w":-0.9001938700675964},"size":3.2435290813446047,"orthographic":false}