{"cameraMode":{"drawMode":0,"name":"Shaded","section":"Shading Mode"},"sceneLighting":false,"audioPlay":false,"sceneViewState":{"showFog":true,"showMaterialUpdate":false,"showSkybox":false,"showFlares":true,"showImageEffects":true,"showParticleSystems":true,"showVisualEffectGraphs":true,"m_FxEnabled":true},"in2DMode":false,"pivot":{"x":0.20974214375019074,"y":-0.24269865453243257,"z":-0.32663607597351076},"rotation":{"x":0.3708142638206482,"y":0.5227741599082947,"z":-0.2577880024909973,"w":0.7236413955688477},"size":0.47810405492782595,"orthographic":false}