{"cameraMode":{"drawMode":0,"name":"Shaded","section":"Shading Mode"},"sceneLighting":false,"audioPlay":false,"sceneViewState":{"showFog":true,"showMaterialUpdate":false,"showSkybox":false,"showFlares":true,"showImageEffects":true,"showParticleSystems":true,"showVisualEffectGraphs":true,"m_FxEnabled":true},"in2DMode":false,"pivot":{"x":0.3852452039718628,"y":-0.2552642822265625,"z":0.1799403429031372},"rotation":{"x":0.07147502899169922,"y":0.8867760896682739,"z":-0.12845778465270997,"w":0.4395058751106262},"size":0.7120253443717957,"orthographic":false}