{"cameraMode":{"drawMode":0,"name":"Shaded","section":"Shading Mode"},"sceneLighting":false,"audioPlay":false,"sceneViewState":{"showFog":true,"showMaterialUpdate":false,"showSkybox":false,"showFlares":true,"showImageEffects":true,"showParticleSystems":true,"showVisualEffectGraphs":true,"m_FxEnabled":true},"in2DMode":false,"pivot":{"x":1.2499992847442628,"y":1.5506731271743775,"z":1.2469923496246338},"rotation":{"x":-0.2239856868982315,"y":-0.25607362389564516,"z":0.06112086772918701,"w":-0.9383774399757385},"size":2.3046603202819826,"orthographic":false}