{"cameraMode":{"drawMode":0,"name":"Shaded","section":"Shading Mode"},"sceneLighting":false,"audioPlay":false,"sceneViewState":{"showFog":true,"showMaterialUpdate":false,"showSkybox":true,"showFlares":true,"showImageEffects":true,"showParticleSystems":true,"showVisualEffectGraphs":true,"m_FxEnabled":true},"in2DMode":false,"pivot":{"x":2.3303110599517824,"y":0.2717849016189575,"z":1.6413521766662598},"rotation":{"x":0.13699395954608918,"y":0.5846195816993713,"z":-0.10094956308603287,"w":0.7932853102684021},"size":2.029252767562866,"orthographic":false}