{"cameraMode":{"drawMode":0,"name":"Shaded","section":"Shading Mode"},"sceneLighting":false,"audioPlay":false,"sceneViewState":{"showFog":true,"showMaterialUpdate":false,"showSkybox":true,"showFlares":true,"showImageEffects":true,"showParticleSystems":true,"showVisualEffectGraphs":true,"m_FxEnabled":true},"in2DMode":false,"pivot":{"x":-0.07809919118881226,"y":-1.3368048667907715,"z":5.99750280380249},"rotation":{"x":0.661615252494812,"y":0.0071947574615478519,"z":-0.006358997896313667,"w":0.7497991323471069},"size":1.8339745998382569,"orthographic":false}